{"IcoMoonType":"selection","icons":[{"icon":{"paths":["M357.563 485.788c-25.124 0.013-49.688-7.426-70.583-21.376s-37.183-33.785-46.803-56.994c-9.62-23.209-12.141-48.751-7.243-73.392s16.995-47.277 34.761-65.043c17.765-17.765 40.401-29.863 65.043-34.761s50.184-2.378 73.392 7.242c23.209 9.62 43.043 25.909 56.994 46.804s21.389 45.459 21.376 70.583c0 33.666-13.373 65.953-37.178 89.758s-56.093 37.179-89.758 37.179zM357.563 3.414c-94.268 0-184.676 37.448-251.333 104.105s-104.105 157.064-104.105 251.332c0 266.562 355.438 660.061 355.438 660.061s355.437-393.499 355.437-660.061c0-94.268-37.45-184.675-104.105-251.332-66.657-66.657-157.064-104.105-251.332-104.105z"],"attrs":[],"width":715,"isMulticolor":false,"isMulticolor2":false,"grid":0,"tags":["map-marker"],"colorPermutations":{}},"attrs":[],"properties":{"order":3,"id":1,"name":"map-marker","prevSize":32,"code":59649},"setIdx":0,"setId":0,"iconIdx":0},{"icon":{"paths":["M17.315 209.522l234.885-171.229 833.28 608.233 834.080-608.233 234.488 171.229-1068.568 779.855-1068.164-779.855z"],"attrs":[],"width":2166,"isMulticolor":false,"isMulticolor2":false,"grid":0,"tags":["arrow-down"],"colorPermutations":{}},"attrs":[],"properties":{"order":2,"id":0,"name":"arrow-down","prevSize":32,"code":59648},"setIdx":0,"setId":0,"iconIdx":1}],"height":1024,"metadata":{"name":"icomoon"},"preferences":{"showGlyphs":true,"showCodes":true,"showQuickUse":true,"showQuickUse2":true,"showSVGs":true,"fontPref":{"prefix":"icon-","metadata":{"fontFamily":"icomoon"},"metrics":{"emSize":1024,"baseline":6.25,"whitespace":50},"embed":false},"imagePref":{"prefix":"icon-","png":true,"useClassSelector":true,"color":0,"bgColor":16777215},"historySize":50,"gridSize":16}}